{
    "observation.state": {
        "mean": [
            0.02626134891122241,
            0.06564448871483645,
            0.06075111012902661,
            -0.08318002823964608,
            0.1172323743994771,
            0.12009349109181626,
            0.001069605020636862,
            -0.022926277403127065,
            -0.009879913973029364,
            -0.023557406860573046,
            0.029015237716703928,
            0.029667128330964427,
            0.2979337388378653,
            0.07161371630023826,
            0.06212165779779157,
            0.013727859398469182,
            -0.08708880345374134,
            0.029693050146723677,
            0.001867735873674085,
            -0.06092198999458924,
            0.0,
            0.0,
            0.0,
            -1.8891560571887566e-08,
            -1.2352440968754763e-08,
            -5.962541798965049e-09,
            0.9999999406337738,
            0.0,
            0.0,
            0.0,
            1.7750007466231162e-09,
            4.558394921644529e-24,
            0.05122706205059181,
            -0.013663019806485285,
            -0.0986433918677609,
            0.007224789486690001,
            0.24131829648532652,
            0.2532174063436687,
            0.09215601857412944,
            0.13262309224632654,
            0.17211647146567702,
            0.009538670605217868,
            -0.11694703491641717,
            0.008363354180685498,
            -0.1265158175433224
        ],
        "std": [
            0.011243805074965627,
            0.021191384794598072,
            0.023281405265787775,
            0.02730053641313136,
            0.025376718466439574,
            0.028823093245961814,
            0.5367284925588284,
            0.7929337887649198,
            1.0789546772692935,
            0.5391497156928805,
            0.8097435113858836,
            1.3698214414871246,
            0.12179864322736235,
            0.06500852083473202,
            0.020944911757106634,
            0.015273116253706746,
            0.022325586383107495,
            0.013892947223824361,
            0.015380176652859012,
            0.010776556543171023,
            0.0,
            0.0,
            0.0,
            1.1972040064610978e-09,
            7.828041395127143e-10,
            3.7786073327404877e-10,
            0.0,
            0.0,
            0.0,
            0.0,
            1.0561761339295245e-09,
            4.708196574020009e-25,
            0.2170101956282278,
            0.36091337933650186,
            0.4620942783219808,
            0.3108593113828693,
            0.338827214901443,
            0.5747787299916823,
            0.19559625365732397,
            0.4297780518747143,
            0.5163268776145821,
            0.1426605396671546,
            0.17224765423744431,
            0.34340538273678567,
            0.06298855304024913
        ],
        "min": [
            -0.09106403589248657,
            -0.0928841084241867,
            -0.07613705098628998,
            -0.10573867708444595,
            -0.09517987072467804,
            -0.0843145027756691,
            -0.8480046987533569,
            -0.7224649786949158,
            -1.599441409111023,
            -0.9652766585350037,
            -0.9651161432266235,
            -1.883912444114685,
            0.0,
            -0.05552422255277634,
            -0.09635906666517258,
            -0.09735557436943054,
            -0.1108572855591774,
            -0.06468136608600616,
            -0.06815814971923828,
            -0.09192056953907013,
            0.0,
            0.0,
            0.0,
            -1.8967430293059806e-08,
            -1.2402049165416429e-08,
            -5.986487749964908e-09,
            0.9999999403953552,
            0.0,
            0.0,
            0.0,
            0.0,
            0.0,
            -0.2892441153526306,
            -0.37142157554626465,
            -0.693390965461731,
            -0.4558325707912445,
            -0.18250524997711182,
            -0.5682770609855652,
            -0.25982290506362915,
            -0.5019418001174927,
            -0.4565756022930145,
            -0.18645690381526947,
            -0.3196113109588623,
            -0.3519158363342285,
            -0.39971864223480225
        ],
        "max": [
            0.07390645891427994,
            0.08746783435344696,
            0.09612654894590378,
            0.0599537119269371,
            0.13651275634765625,
            0.14353704452514648,
            0.6057798862457275,
            1.267594575881958,
            1.306701898574829,
            1.0755635499954224,
            1.4664632081985474,
            1.8076157569885254,
            0.3970600366592407,
            0.15827925503253937,
            0.08350870758295059,
            0.09570766240358353,
            0.07480651885271072,
            0.061770327389240265,
            0.10310819000005722,
            0.06232554465532303,
            0.0,
            0.0,
            0.0,
            0.0,
            0.0,
            0.0,
            1.0,
            0.0,
            0.0,
            0.0,
            3.598639164437145e-09,
            4.6745471496113605e-24,
            0.299619197845459,
            0.558947741985321,
            0.5484960079193115,
            0.39936286211013794,
            0.7334526181221008,
            1.0065526962280273,
            0.2680741548538208,
            0.6232931613922119,
            0.9367493987083435,
            0.2028663605451584,
            0.17038863897323608,
            0.5672181844711304,
            0.0
        ]
    },
    "observation.environment_state": {
        "mean": [
            0.0,
            0.0,
            0.0
        ],
        "std": [
            0.0,
            0.0,
            0.0
        ],
        "min": [
            0.0,
            0.0,
            0.0
        ],
        "max": [
            0.0,
            0.0,
            0.0
        ]
    },
    "action": {
        "mean": [
            0.051710149855776266,
            -0.01191348911178383,
            -0.10084496008113704,
            0.0057487104101614514,
            0.24097327229516072,
            0.25460947360267694,
            0.09304287229071964,
            0.13459958576749673,
            0.17210494502803142,
            0.008895676549185405,
            -0.11656908150626855,
            0.007782605801454999,
            -0.1268226368386637
        ],
        "std": [
            0.21716139433648704,
            0.3622424016755121,
            0.46341296768416046,
            0.3118646342180598,
            0.339144181638631,
            0.5747197648711609,
            0.195846240960921,
            0.43072500733511776,
            0.5163827385387655,
            0.14310433375149487,
            0.17273035520666252,
            0.3437833842349036,
            0.06261034539575465
        ],
        "min": [
            -0.2892441153526306,
            -0.37142157554626465,
            -0.693390965461731,
            -0.4558325707912445,
            -0.18250524997711182,
            -0.5682770609855652,
            -0.25982290506362915,
            -0.5019418001174927,
            -0.4565756022930145,
            -0.18645690381526947,
            -0.3196113109588623,
            -0.3519158363342285,
            -0.39971864223480225
        ],
        "max": [
            0.299619197845459,
            0.558947741985321,
            0.5484960079193115,
            0.39936286211013794,
            0.7334526181221008,
            1.0065526962280273,
            0.2680741548538208,
            0.6232931613922119,
            0.9367493987083435,
            0.2028663605451584,
            0.17038863897323608,
            0.5672181844711304,
            -0.02084296941757202
        ]
    },
    "timestamp": {
        "mean": [
            1.2449999999999994
        ],
        "std": [
            0.7216820629612453
        ],
        "min": [
            0.0
        ],