{
    "observation.state": {
        "mean": [
            0.026596042983162493,
            0.06674404428317211,
            0.05848921316322082,
            -0.07996290915467862,
            0.11836534901119541,
            0.11935605636400975,
            0.0032203251285986465,
            -0.02699746670692482,
            -0.008110193503427912,
            -0.0375034888125956,
            0.021679488510316747,
            0.02789502861942376,
            0.3069157923800363,
            0.06836594249587506,
            0.06296846067024903,
            0.0143883384857168,
            -0.08655855539057865,
            0.029396268816273236,
            -0.0009850683869696117,
            -0.05875166908331448,
            0.0,
            0.0,
            0.0,
            -1.8891560571887566e-08,
            -1.2352440968754763e-08,
            -5.962541798965049e-09,
            0.9999999406337738,
            0.0,
            0.0,
            0.0,
            1.7750007466231162e-09,
            4.558394921644529e-24,
            0.05286913908882575,
            -0.01329037052088163,
            -0.10222093052400107,
            0.006311118283055046,
            0.240403933649036,
            0.2509668625715104,
            0.09039912974157116,
            0.13406400587342002,
            0.1728723009323532,
            0.00868401279266585,
            -0.11645652228695424,
            0.0055981145677241415,
            -0.12351019102402709
        ],
        "std": [
            0.012319777676816017,
            0.017684624862791123,
            0.026289453993857907,
            0.033965881217114156,
            0.02235764804419861,
            0.03052947227318423,
            0.5307830703731279,
            0.7801581318282493,
            1.0620345656814796,
            0.5315440099782189,
            0.7953766692012685,
            1.3501507779793376,
            0.11479883269959365,
            0.06487634270022617,
            0.019817070222367034,
            0.013252566507556775,
            0.02451668084325719,
            0.01697741931465099,
            0.013854376627333341,
            0.015721404045030023,
            0.0,
            0.0,
            0.0,
            1.1972040064610978e-09,
            7.828041395127143e-10,
            3.7786073327404877e-10,
            0.0,
            0.0,
            0.0,
            0.0,
            1.0561761339295245e-09,
            4.708196574020009e-25,
            0.21433212416910646,
            0.35537414406039713,
            0.45541424099093764,
            0.30619045794982197,
            0.3339400305067138,
            0.5669344971689284,
            0.1927412939971318,
            0.4236980380933643,
            0.5082143802607544,
            0.14076450153351222,
            0.1694602689218466,
            0.33782351866357296,
            0.06084291799886216
        ],
        "min": [
            -0.09047161787748337,
            -0.060914602130651474,
            -0.08695513010025024,
            -0.10582759976387024,
            -0.09226958453655243,
            -0.09877410531044006,
            -0.8559415936470032,
            -0.7988274097442627,
            -1.6072477102279663,
            -1.046750545501709,
            -0.994579017162323,
            -1.8901821374893188,
            0.0,
            -0.06571925431489944,
            -0.09704332798719406,
            -0.08500610291957855,
            -0.11088404059410095,
            -0.07976298779249191,
            -0.09225307404994965,
            -0.09153208136558533,
            0.0,
            0.0,
            0.0,
            -1.8967430293059806e-08,
            -1.2402049165416429e-08,
            -5.986487749964908e-09,
            0.9999999403953552,
            0.0,
            0.0,
            0.0,
            0.0,
            0.0,
            -0.2925160527229309,
            -0.376512348651886,
            -0.697091817855835,
            -0.46278104186058044,
            -0.1927451491355896,
            -0.5938774347305298,
            -0.27957862615585327,
            -0.5033153891563416,
            -0.476188600063324,
            -0.18831750750541687,
            -0.32525792717933655,
            -0.3783612847328186,
            -0.2774963974952698
        ],
        "max": [
            0.09555160254240036,
            0.08751675486564636,
            0.09186501055955887,
            0.08980291336774826,
            0.1364324986934662,
            0.14356374740600586,
            0.6943036317825317,
            1.2660505771636963,
            1.3276032209396362,
            0.5602391362190247,
            1.3510534763336182,
            1.8199113607406616,
            0.3970613479614258,
            0.15831707417964935,
            0.08847316354513168,
            0.0994100347161293,
            0.09713048487901688,
            0.08096208423376083,
            0.08927818387746811,
            0.09433742612600327,
            0.0,
            0.0,
            0.0,
            0.0,
            0.0,
            0.0,
            1.0,
            0.0,
            0.0,
            0.0,
            3.598639164437145e-09,
            4.6745471496113605e-24,
            0.3220532536506653,
            0.5609666705131531,
            0.548209011554718,
            0.4011170268058777,
            0.7355606555938721,
            1.0118744373321533,
            0.2830295264720917,
            0.6349080801010132,
            0.9504714608192444,
            0.20070816576480865,
            0.17660236358642578,
            0.5750750303268433,
            0.0
        ]
    },
    "action": {
        "mean": [
            0.05339102721485225,
            -0.011854437819597396,
            -0.10423163506303998,
            0.005122253474864093,
            0.24035970498418266,
            0.2520784916349433,
            0.09127442802488804,
            0.13593333074179562,
            0.17317565175213598,
            0.008173323268240149,
            -0.11621847768906843,
            0.004989105160940777,
            -0.12383827713199637
        ],
        "std": [
            0.21450975607495607,
            0.3566512292708937,
            0.4566150309726242,
            0.30718807108698987,
            0.33431715274189633,
            0.5670511377457637,
            0.19299388141620805,
            0.4245753067608005,
            0.5084493683902007,
            0.14120580436833682,
            0.16990781391460824,
            0.3382238909756357,
            0.06045568496295356
        ],
        "min": [
            -0.2925160527229309,
            -0.376512348651886,
            -0.697091817855835,
            -0.46278104186058044,
            -0.1927451491355896,
            -0.5938774347305298,
            -0.27957862615585327,
            -0.5033153891563416,
            -0.476188600063324,
            -0.18831750750541687,
            -0.32525792717933655,
            -0.3783612847328186,
            -0.2774963974952698
        ],
        "max": [
            0.3220532536506653,
            0.5609666705131531,
            0.548209011554718,
            0.4011170268058777,
            0.7355606555938721,
            1.0118744373321533,
            0.2830295264720917,
            0.6349080801010132,
            0.9504714608192444,
            0.20070816576480865,
            0.17660236358642578,
            0.5750750303268433,
            -0.006588997319340706
        ]
    },
    "timestamp": {
        "mean": [
            1.2449999999999994
        ],
        "std": [
            0.7216820629612453
        ],
        "min": [
            0.0
        ],
        "max": [
            2.489999999999991
        ]
    },
    "episode_index": {
        "mean": [
            5.0
        ],
        "std": [
            3.1622776601683795
        ],
        "min": [
            0.0
        ],
        "max": [
            10.0
        ]
    },
    "frame_index": {
        "mean": [
            124.5
        ],